id,turn number,generated response
393,6,189: Exactly! And then there's the internet trolls who love to speculate about their personal lives and post their own theories.
393,7,"188: Ugh, don't even get me started on that."
393,8,"189: Yeah, it's just annoying and irrelevant."
393,9,188: Totally. I think it's important to focus on more important things in life rather than obsessing over celebrities.
393,10,189: Agreed. There are so many pressing issues in the world that we should be paying attention to.
393,11,"188: Exactly! So, let's just focus on more meaningful topics and leave the celebrity gossip behind."
393,12,189: Absolutely. Let's shift our focus to things that actually matter.
393,13,"188: Yes, let's do that."
393,14,189: I'm glad we're on the same page about this.
393,15,188: Me too. It's always nice to have someone who understands.
394,6,"52: That's true, but in this case, Thornton's insecurities may be rooted in his own fears and insecurities."
394,7,190: It's possible that his feelings of inadequacy stem from his own experiences and struggles.
394,8,"52: Absolutely. Sometimes, people project their own insecurities onto others, assuming that they are not worthy or capable of a loving relationship."
394,9,190: That's a sad reality.
394,10,"52: It is, but it's important to remember that everyone has their own insecurities and struggles, and it's not always easy to see through them."
394,11,"190: That's a good point. We should be more understanding and compassionate towards others, even if we don't fully understand their experiences."
394,12,52: Absolutely. Empathy and understanding can go a long way in fostering healthy and fulfilling relationships.
394,13,"190: Definitely. It's important to remember that we are all human, and we all have our own vulnerabilities."
394,14,"52: That's very true. We should strive to create a world where everyone feels seen, heard, and valued."
394,15,190: I couldn't agree more. It's a collective responsibility to create a society where everyone can thrive and feel accepted.
396,6,"52: Yes, there is definitely room for improvement in the foster care system to ensure that children with mental health issues receive the support they need. It's important to create an environment that fosters their emotional well-being and helps them thrive."
396,7,191: It's just so sad that these kids had to go through so much pain and trauma.
396,8,"52: It is truly heartbreaking, and it's important to acknowledge the long-term effects that such experiences can have on a person's mental health. It's crucial that we continue to raise awareness and work towards creating a society that prioritizes the well-being of all individuals, especially those who have experienced trauma."
396,9,"191: Absolutely, we need to do more to support those who have gone through similar experiences and provide them with the resources and care they need to heal and thrive."
396,10,"52: Agreed. By providing access to mental health services, support groups, and a supportive community, we can help individuals overcome the challenges they have faced and build a brighter future for themselves."
396,11,191: I hope that the government and other organizations can work together to implement policies and programs that address the needs of children and youth who have experienced trauma.
396,12,"52: Yes, it's essential for governments and organizations to prioritize the well-being of vulnerable populations and provide the necessary resources to support their healing and development. Together, we can make a difference in the lives of those who have been affected by trauma and create a more compassionate and inclusive society."
396,13,"191: Absolutely, let's continue to raise awareness and advocate for change to ensure that no child or youth is left behind."
396,14,52: I couldn't agree more. It's important to be advocates for those who have been marginalized and work towards creating a more just and equitable society for all.
396,15,191: Thank you for this conversation. It's been really insightful and inspiring.
398,6,"52: I don't know, I didn't really think about it."
398,7,"194: Well, what about the fact that Angelina Jolie has a daughter from a previous marriage and Billy Bob Thornton is not a father?"
398,8,52: That's true. It must be difficult for Billy Bob to see his ex-wife and her child together.
398,9,"194: Yeah, I can see how that could be tough."
398,10,52: It's definitely a complicated situation.
398,11,194: Agreed.
402,6,180: I think it's really admirable that they were able to move past that and continue their friendship.
402,7,52: Definitely. It just goes to show that true friends can get through anything.
402,8,180: And it's great to see them supporting each other in their careers as well.
402,9,"52: Yes, they've always been there for each other through thick and thin."
402,10,180: It's really inspiring to see their friendship and how they've managed to stay so close all these years.
402,11,"52: Absolutely. I think it's a testament to their strong bond and mutual respect for each other.




Person"
402,12,1: what do you think about the new law that was passed? Person
402,13,"2: I think it's a step in the right direction, but there's still a lot of work to be done. Person"
402,14,"1: I agree. It's a start, but it's not enough. Person"
402,15,"2: Yeah, we need to keep pushing for change and holding our leaders accountable. Person"
403,6,"52: I would say the most striking thing was his ability to find a sense of hope and purpose, despite the seemingly insurmountable obstacles he had to face."
403,7,"199: Yes, and also the fact that he was able to overcome the trauma and abuse he suffered, and become a successful and compassionate adult."
403,8,"52: Absolutely. I think Sheldon's story serves as a powerful reminder of the resilience and strength of the human spirit, and the importance of supporting and empowering those who have experienced adversity."
403,9,"199: Yes, and also the need for systemic change to address the root causes of the issues that lead to children being placed in foster care and the prison system."
403,10,"52: I completely agree. It's clear that we need to work towards creating a more just and equitable society, where all children have the opportunity to thrive and succeed."
403,11,"199: Definitely. I think Sheldon's story is a powerful example of the transformative power of resilience and hope, and the importance of providing support and resources to those who need it most."
403,12,"52: Absolutely. Sheldon's journey is a powerful reminder of the need to listen to and learn from the experiences of others, and to work together to create a better future for all."
403,13,"199: Yes, and I hope that his story will inspire others to take action and make a difference in the lives of those around them."
403,14,"52: I think it already has. Sheldon's journey is a powerful testament to the resilience and strength of the human spirit, and the importance of supporting and empowering those who have experienced adversity."
403,15,199: Absolutely. We can all learn from Sheldon's example and work towards creating a more just and equitable society for all.
404,6,"52: That's true. It's a challenging journey for everyone, regardless of their circumstances."
404,7,"187: it seems like a lot of people are unhappy in their relationships, do you think that's because of societal pressures?"
404,8,"52: I think societal pressures definitely play a role, but ultimately it's up to the individuals in the relationship to work through their issues and find happiness."
404,9,187: I agree. It's important for people to prioritize their own well-being and not let societal expectations dictate their happiness.
404,10,52: Absolutely. It's crucial to prioritize self-care and make choices that align with your own values and desires.
404,11,187: I think the article does a good job of highlighting these challenges and encouraging readers to reflect on their own relationships.
404,12,52: Definitely. It's important to have open and honest conversations about our relationships and be willing to make changes if necessary.
404,13,187: I couldn't agree more. Thank you for discussing this with me!
404,14,52: You're welcome! It was great talking to you. Have a wonderful day!
404,15,187: You too! Bye!
412,6,"206: Exactly, and it's disheartening to see how the international community has been slow to address the situation."
412,7,"52: Yes, it's crucial to hold accountable those responsible for human rights abuses and provide support to those affected."
412,8,206: Absolutely. This is an issue that needs urgent attention and action from the global community.
412,9,52: Agreed. It's important to raise awareness and advocate for justice and equality for all.
412,10,"206: Definitely, we must continue to shine a light on these injustices and work towards a more peaceful world."
412,11,52: Thank you for sharing your thoughts. It's important to have these conversations and take action.
412,12,206: Thank you for listening. Let's continue to stand in solidarity with those affected by this crisis.
412,13,"52: Absolutely, together we can make a difference."
412,14,206: Let's keep fighting for a better future.
412,15,"52: Definitely, let's keep pushing for justice and equality."
413,6,"207: I’m also curious about the ethnic tensions in Burma. In the U.S., we don’t have a lot of ethnic diversity or conflicts, so it’s hard for me to imagine that kind of situation."
413,7,"52: Burma is a country with a diverse population, consisting of different ethnic groups and religions. The ethnic tensions there stem from historical and political factors, including the legacy of British colonization and the struggle for independence. These tensions have resulted in conflicts and power struggles between different groups, which have had a significant impact on the country's political landscape."
413,8,207: I’m also interested in how the international community is responding to the situation in Burma.
413,9,52: The international community has been closely monitoring the situation in Burma and has expressed concerns about the lack of progress towards democracy and the human rights abuses committed by the military. Many countries and organizations have called for reforms and urged the Burmese government to respect human rights and ensure a fair and inclusive transition to democracy.
413,10,207: It sounds like there is a lot of hope for change in Burma.
413,11,"52: Yes, there is definitely a lot of hope for positive change in Burma. The country has made significant progress towards democracy in recent years, and there is growing support for Aung San Suu Kyi and the democratic movement. However, there are still many challenges and obstacles to overcome, and the road to true democracy and equality for all ethnic groups in Burma is a long and difficult one."
413,12,207: Thank you for explaining all of that.
413,13,52: You're welcome. It's always important to stay informed about global issues and to learn from different perspectives.
416,6,"52: It's difficult to say for sure without knowing the full details of the case. However, it seems likely that the perpetrators were driven by a combination of desperation, anger, and a lack of empathy."
416,7,209: Do you think they were acting in self-defense?
416,8,"52: It's possible that they felt threatened or provoked, but it's important to remember that violence is never the answer. The situation could have been resolved through peaceful means."
416,9,209: What do you think could have been done differently to prevent this tragedy?
416,10,"52: There are no easy answers, but perhaps more emphasis on mental health support and conflict resolution could have helped. Additionally, stricter gun control measures and better enforcement of existing laws could have made a difference."
416,11,"209: Overall, what is your take on this story?"
416,12,52: It's a tragic reminder of the darkness that can exist within humanity. It's a call to action for society to address the underlying issues that contribute to such senseless acts of violence.
416,13,209: Thank you for sharing your thoughts on this topic.
416,14,52: You're welcome. It's important to have these conversations and work towards creating a safer and more compassionate world.
416,15,"209: Agreed. Let's hope that through awareness and collective effort, we can prevent more tragedies like this from happening in the future."
417,6,52: It's unfortunate that we still have such violence in the world today.
417,7,"210: Yes, it is."
417,8,52: Have you been following the movement around Greta Thornburg?
417,9,210: I have. She's a really inspiring figure.
417,10,"52: I agree, she's definitely making a difference."
417,11,"210: Yes, she's definitely making a difference."
417,12,52: Do you think that climate change is a significant issue?
417,13,"210: Yes, I do."
417,14,52: It's definitely something that needs to be addressed.
417,15,"210: Yes, it definitely needs to be addressed."
419,6,52: It really is. It's just so sad.
419,7,"212: I agree, it's really sad. I can't even imagine what the victim's family must be going through."
419,8,52: It's heartbreaking.
419,9,212: It is. I hope they are doing okay and that justice is served.
419,10,"52: Yes, let's hope so."
419,11,"212: So, what do you think about the overall state of the world?"
419,12,52: It's definitely not the best. There are so many issues and conflicts happening all over.
419,13,"212: Yes, it can be overwhelming at times. But I think it's important to stay informed and take action where we can."
419,14,52: Absolutely. We all have a role to play in creating a better world.
419,15,212: I couldn't agree more. Let's do our part to make a difference.
421,6,215: It's a way of saying that he was a substitute son for his father.
421,7,"216: The man in this case, the father, was a man of faith."
421,8,217: It's a way of saying that he was a substitute son for his father.
421,9,"218: The man in this case, the father, was a man of faith."
421,10,"219: This is not the first time this has happened, unfortunately, it's a recurring problem."
421,11,"220: Yes, unfortunately it is a recurring problem."
421,12,221: I am sure the mother is devastated and is looking for answers.
421,13,"222: Yes, I am sure the mother is devastated and is looking for answers."
421,14,223: The mother and the father are both religious.
421,15,"224: Yes, the mother and the father are both religious."
422,6,"199: The system fails to protect and support vulnerable children, and instead perpetuates cycles of abuse and neglect."
422,7,"52: It's disheartening to see how many children are caught in this cycle, and how difficult it is for them to break free and find a safe and nurturing environment."
422,8,"199: And yet, despite all the challenges, Shelton and his brothers managed to overcome their past and build a better future for themselves."
422,9,"52: That's truly inspiring. It shows that with the right support and opportunities, individuals can overcome even the most difficult circumstances."
422,10,"199: It also highlights the importance of providing resources and assistance to children who have experienced trauma, so that they can heal and thrive."
422,11,"52: Absolutely. We need to invest in programs and initiatives that prioritize the well-being and development of children in foster care, and work towards creating a system that truly supports and protects them."
422,12,199: It's a complex issue that requires a comprehensive and compassionate approach.
422,13,"52: Yes, and it's important for us to continue advocating for change and pushing for reforms that will make a positive impact on the lives of these children and their families."
422,14,"199: Definitely. Every child deserves a chance to grow up in a safe and nurturing environment, free from the trauma and challenges they may have experienced in the past."
422,15,52: Absolutely. Let's continue to raise awareness and work towards creating a better future for these children.
423,6,207: Absolutely. It's important to explore the various influences and perspectives in these narratives to gain a more nuanced understanding.
423,7,52: I agree. This is a complex topic that requires careful consideration and multiple viewpoints.
423,8,207: Definitely. It's a reminder that there's rarely a simple answer or a one-size-fits-all solution.
423,9,"52: Absolutely. The challenges and struggles faced by individuals like Shelton are deeply rooted in a variety of factors, and it's crucial to approach these stories with empathy and open-mindedness."
423,10,207: Well said. It's through open dialogue and a willingness to listen that we can begin to address the systemic issues that contribute to these challenges.
423,11,"52: I couldn't agree more. By sharing these stories and engaging in meaningful conversations, we can work towards creating a more just and supportive society for everyone."
423,12,"207: Well, that was a thought-provoking discussion. I appreciate your insights and perspectives."
423,13,52: Likewise. It's always valuable to hear different viewpoints and learn from one another.
423,14,207: Definitely. Let's continue to have these conversations and strive for positive change.
423,15,"52: Absolutely. Together, we can make a difference."
426,6,"52: I completely agree, I think it's important to have support and guidance to navigate through difficult situations."
426,7,218: Have you thought about volunteering at a local foster care organization
426,8,"52: Yes, I have actually been volunteering at a local organization that helps foster children and their families. It has been a very rewarding experience and I hope to continue helping in any way I can."
426,9,"218: That's great to hear, keep up the good work and thank you for your service to the community!"
426,10,"52: Thank you, I appreciate that. It's been a pleasure working with you as well. Have a great day!"
426,11,"218: You too, take care!"
426,12,52: Bye!
427,6,"52: Yes, Burma has been under military rule for a long time, and the government is known for suppressing human rights and committing atrocities."
427,7,192: It's heartbreaking to think about the people who are living in fear and facing such difficult circumstances.
427,8,"52: Absolutely.  And it's not just the military junta that's to blame.  There are also other factors at play, such as ethnic tensions and corruption within the government."
427,9,192: It's clear that there's a long way to go in terms of achieving peace and justice in Burma.
427,10,52: Definitely.  And it's important for the international community to continue to put pressure on the Burmese government to address these issues and protect the rights of the Burmese people.
427,11,"192: Yes, I hope that more attention is brought to this situation and that steps are taken to bring about positive change."
427,12,"52: Me too.  It's a complex issue, but I believe that with continued advocacy and support, we can make a difference."
427,13,192: Thank you for sharing your thoughts on this important topic.
427,14,52: You're welcome.  It's always important to stay informed and engaged on these issues.
427,15,192: Absolutely.  Let's continue to raise awareness and work towards a more just and peaceful world.
428,6,"219: Absolutely, it's a powerful message about resilience and the ability to make a difference, no matter our past."
428,7,52: I completely agree. It's a reminder that we all have the potential to create positive change in the world.
428,8,"219: Definitely, and it's important to support organizations and initiatives that work towards improving the lives of vulnerable populations."
428,9,"52: Absolutely, together we can make a difference."
428,10,219: Well said! Let's continue to advocate for change and support those who need it.
428,11,"52: Agreed, every small step counts."
432,6,"52: I think it's a difficult situation. She is trying to navigate a complex political landscape, but it's hard to say if she's doing a good job without knowing all the details."
432,7,222: That's true. I also read that there have been concerns about the lack of press freedom and the suppression of dissent.
432,8,"52: Yes, that's definitely a problem. It's important for any government to have a free press in order to hold leaders accountable."
432,9,222: I agree. It's also concerning that the military is still a major player in the government.
432,10,"52: That's true. It's a complicated situation, but it's important to keep an eye on what's happening in Burma and to support democracy and human rights."
432,11,222: Definitely. Thanks for sharing your thoughts.
432,12,"52: No problem, it's always good to have a discussion about these things."
433,6,52: That's what I think too. The fact that his father was the police chief of the town doesn't seem very coincidental.
433,7,"223: Yeah, it's definitely suspicious."
433,8,52: I wonder what the motive was for the killings.
433,9,223: I think it was probably some sort of personal vendetta or revenge.
433,10,"52: Yeah, that seems likely."
433,11,223: I'm just really sad that this happened.
433,12,"52: Me too, it's such a tragic event."
433,13,223: Let's hope that justice is served and the truth comes out.
433,14,"52: Absolutely, we can only hope for the best."
433,15,"223: Thanks for sharing your thoughts on this, it's always good to hear different perspectives."
438,6,"206: I agree. It's been a tough journey, but I'm slowly finding my way back to a place of healing and hope."
438,7,"52: That's wonderful to hear. Remember, you don't have to go through it alone. There are resources and support available to help you along the way."
438,8,206: Thank you for your kind words. It means a lot to me.
438,9,52: Of course. We're here for you.
438,10,206: Thank you. It's comforting to know that there are people like you who understand and care.
438,11,"52: Always. You're not alone in this, and we'll be by your side every step of the way."
438,12,206: I really appreciate that.
438,13,"52: Take all the time you need, and don't hesitate to reach out if you ever need someone to talk to."
438,14,206: I will. Thank you again.
438,15,"52: Anytime. Take care of yourself, and remember to prioritize your well-being."
439,6,52: It's truly a tragedy. We need to address the underlying issues that lead to such violent acts.
439,7,"185: I completely agree. It's important to have conversations about mental health, violence prevention, and creating a safer society."
439,8,52: Absolutely. We need to work together to make a positive change.
439,9,185: Definitely. Let's hope that more attention and resources are directed towards addressing these issues.
439,10,"52: Yes, let's hope for a safer future for everyone."
439,11,185: Thank you for this conversation. It's important to have these discussions and raise awareness.
439,12,52: You're welcome. Thank you for sharing your thoughts. Let's continue to advocate for a safer and more compassionate society.
442,6,194: I completely agree. It's so sad to see such violence and trauma inflicted upon innocent individuals.
442,7,52: Definitely. It's important for us to stand up against this kind of behavior and work towards a safer and more compassionate society.
442,8,194: Absolutely. We need to create a culture that values empathy and respect for one another.
442,9,52: I couldn't agree more. Let's continue to spread awareness and support organizations that work towards preventing and addressing these types of incidents.
442,10,"194: That's a great idea. Together, we can make a difference."
442,11,52: Absolutely. Thank you for sharing your thoughts.
442,12,194: Thank you for engaging in this important conversation. Let's continue to advocate for a world free from violence and injustice.
443,6,52: It's a complex issue with political and social factors at play.
443,7,204: and it's important to consider the long-term implications for the region.
443,8,"52: Absolutely, we need to continue advocating for justice and equality for all."
443,9,204: what do you think about the recent protests happening in Hong Kong?
443,10,"52: It's a complex situation with many underlying issues, including political and social tensions. The protests have brought attention to the struggle for democracy and freedom in Hong Kong."
443,11,204: it's a difficult situation and it's important to support the people fighting for their rights
443,12,"52: Definitely, it's inspiring to see people standing up for what they believe in."
443,13,204: what do you think about the current state of the environment?
443,14,52: It's a pressing issue that requires immediate action. Climate change is a global problem that affects us all.
443,15,204: we need to prioritize sustainable practices and reduce our carbon footprint
444,6,167: I think it's really disturbing that the man's wife had no idea he was abusive.
444,7,"52: Yes, it's really sad and scary to think that someone in a relationship can be unaware of their partner's abusive behavior."
444,8,167: It just goes to show how important it is for people to be educated about the signs of abuse and to create a safe environment for those experiencing it.
444,9,"52: Absolutely, awareness and education are crucial in addressing and preventing abuse."
444,10,"167: Definitely, we need to continue having conversations and taking action to support those affected by abuse."
444,11,"52: Agreed, let's keep spreading awareness and advocating for change."
444,12,"167: Absolutely, together we can make a difference."
444,13,52: Thank you for your insights and for sharing your thoughts on this important issue.
444,14,167: Thank you for engaging in this conversation and for your commitment to making the world a safer place for everyone.
444,15,"52: You're welcome, let's continue to have these important discussions and work towards a better future."
445,6,"52: That's a really interesting point. It's hard to comprehend why someone would commit such a heinous act, especially when there are so many other ways to address mental health issues."
445,7,"193: It's a tragedy that Amanda had to go through that, and it's a reminder of how important it is to prioritize mental health and provide support for those in need."
445,8,52: Absolutely. We need to continue to have open conversations about mental health and work towards creating a society that is more compassionate and understanding.
445,9,193: I completely agree. It's crucial that we break down the stigma surrounding mental health and ensure that everyone has access to the help they need.
445,10,52: Well said. Let's hope that Amanda finds healing and that her story serves as a catalyst for positive change.
445,11,193: Definitely. Thank you for sharing your thoughts.
460,6,"240: Yes, it is important that we don't forget about the long-term consequences of our actions.  It is so easy to get caught up in the short-term gains that we are often blinded to the potential long-term repercussions of our actions."
460,7,"199: I couldn't agree more.  There are so many examples of this, but one that comes to mind is the deforestation of the Amazon rainforest.  The destruction of such a valuable and important ecosystem has far-reaching consequences that will be felt for generations to come."
460,8,"240: Absolutely.  It is essential that we take a more holistic and long-term view of the world around us.  We must consider the impact of our actions on not just the present, but also the future."
460,9,"199: Yes, and it is not just about the environment.  It is also about the people who live in these areas and depend on them for their livelihoods.  We must consider the human impact as well as the environmental impact of our actions."
460,10,"240: That's a great point.  It is important to recognize that environmental issues are not just about the environment, but also about the people who are affected by them."
460,11,199: Exactly.  We must work together to find solutions that are both environmentally and socially sustainable.
460,12,240: I couldn't agree more.  Thank you for the thoughtful conversation.
460,13,"199: Thank you as well.  Take care.

# Python Code"
460,14,"Solution: # This is a sample conversation that can be generated using Natural Language Processing (NLP) and machine learning.
# The conversation is generated by a pre-trained model that is trained on a large corpus of text data.

# First, we need to install the necessary"
460,15,"libraries: # pip install spacy
# pip install transformers

# Next, we need to load the pre-trained"
462,6,"242: I understand that, but it still doesn't address the problem."
462,7,"190: I agree, but it's a good start."
462,8,242: Yeah I suppose it is.
462,9,"190: The problem is that the problem is systemic, and there is not one quick fix."
462,10,242: I agree.
462,11,190: I think the first step is to raise awareness and start a national conversation about the problem.
462,12,242: I think that's a good idea.
462,13,190: The next step is to make sure that the government takes action to regulate the industry.
462,14,"242: Yes, that's definitely a step in the right direction."
462,15,190: We need to make sure that we hold companies accountable for their actions.
463,6,243: the economy will definitely take a hit.
463,7,193: I feel like the government should be doing more to prevent these things from happening
463,8,"243: I think they are doing as much as they can, but I guess there is always room for improvement"
463,9,"243: I think so too, but I also feel like the gun lobby has a lot of influence on the government and they prevent them from doing much about it"
463,10,"243: I don't think the gun lobby has that much influence, but yeah it is an issue that needs to be addressed"
463,11,"243: I think the issue of gun control is a very complex one, and I don't think it can be solved with just one solution"
463,12,"243: I think it can be solved, but it will take a lot of effort and cooperation from both sides to come up with a solution"
463,13,"243: I agree, and I think it's important for both sides to have open and respectful discussions about it"
463,14,"243: I agree, and I think it's important for both sides to have open and respectful discussions about it"
463,15,"243: I agree, and I think it's important for both sides to have open and respectful discussions about it"
466,6,52: I agree. Public policy should prioritize the well-being of the most vulnerable members of society.
466,7,207: I think the article also mentioned something about the dangers of secondhand smoke.
466,8,"52: Yes, secondhand smoke can be just as harmful as smoking itself, and banning smoking in public places helps to reduce exposure for everyone."
466,9,207: It's interesting to see how different people have different opinions on this issue.
466,10,"52: Yes, public health policies often involve balancing individual rights with the greater good."
466,11,207: I think it's important for society to prioritize the health and well-being of its citizens.
466,12,"52: I agree, and it's encouraging to see that public support for such policies is growing."
466,13,"207: Absolutely, we need to continue advocating for policies that protect public health and the environment."
466,14,"52: Definitely, and it's important for individuals to stay informed and engaged in these discussions as well."
466,15,207: Thank you for sharing your thoughts on this topic.
470,6,"248: Yeah, and it's sad to see so many young people getting cancer from it. I don't think it should be banned."
470,7,247: I think that's kind of a cop-out.
470,8,"249: I think that banning it is a step in the right direction, but I think it's really important to focus on education about the dangers of smoking"
470,9,249: That's a good point.
470,10,250: I think education is important.
470,11,"251: It's just really hard to quit, though."
470,12,"251: It's just really hard to quit, but I think education is important."
470,13,252: I think education is important.
470,14,253: I agree.
470,15,254: I think education is important.
473,6,199: I hope that he is held to account for his actions.  The world needs to know that this sort of behavior is unacceptable.
473,7,"193: yes, this person is a cruel and heartless person"
473,8,"199: this is absolutely disgusting, and the fact that he was able to do this shows how much society needs to do to stop violence against animals"
473,9,199: I hope he is convicted of animal cruelty and that he faces the maximum penalty.  There is so much work to be done to stop the violence and abuse of animals in this world.
473,10,193: the world needs to stop the violence and abuse of animals
473,11,"199: yes, the world needs to stop the violence and abuse of animals.  There are many things we can do to help stop this, including being more mindful of where our food comes from and how it was produced, and advocating for stronger laws and regulations to protect animals from harm."
473,12,193: we can also support organizations that work to protect animals and promote animal rights.
473,13,"199: yes, we can do all of those things and more.  We need to do everything we can to protect animals from harm and abuse, and to ensure that they are treated with the respect and compassion they deserve."
473,14,193: I hope that this person is held accountable for his actions and that it serves as a wake-up call to society to do more to protect animals
473,15,"199: I hope so too.  The world needs to wake up to the reality that animals are sentient beings who feel pain and suffer just like we do, and that we have a moral obligation to treat them with kindness and compassion."
474,6,"249: Not exactly.  I've heard about it but I'm not exactly sure what the dance was.  I've heard that it was something about mating, but I'm not exactly sure why the flamingos would do it in the first place."
474,7,246: It was a mating dance.  The flamingos would do it to attract a mate.
474,8,"249: Oh, I see.  That's pretty cool.  I wonder if it would have been the same type of bird that was attacked."
474,9,"246: Yes, I believe so.  It was a type of bird that was very close to the area."
474,10,249: That makes sense.  I hope the flamingo is okay.
474,11,246: I hope so too.  It was a beautiful bird.
474,12,249: I'm sure it was.  Thanks for the info.
474,13,246: You're welcome.
474,14,249: I just wanted to say that I'm sorry for the loss of the flamingo.
474,15,246: Thank you for your kind words.
475,6,243: I think its a bit of everything.
475,7,209: I don't think it is anger management issues but it is definitely a mental health issue and maybe the guy needs help.
475,8,243: It's sad that we can't see what's going on with people's minds and what they are going through.
475,9,"209: Yeah, it's pretty hard to get to the bottom of it."
475,10,243: And the sad part is that he probably knew he was going to get shot but he still went and did it.
475,11,209: I feel like there is so much more to it than that but it's not always that easy to figure out.
475,12,"243: Yeah, it's not always that easy to figure out and the only way to stop this is to get to the bottom of it and find out what's really going on."
475,13,209: I don't think it's anger management issues.
475,14,243: I don't think it's anger management issues but I do think there are a lot of mental health issues at play here. I don't think it's just anger management issues. I don't think it's anger management issues.
475,15,"209: Yeah, it's probably a combination of things."
476,6,250: Corrao was arrested by Tampa Police and charged with animal cruelty.
476,7,184: It is unclear how the flamingo died.
476,8,250: The park said it would investigate the incident.
476,9,184: The flamingo was one of three flamingos to be euthanized at the park this year.
476,10,250: The other two were euthanized after attacks by visitors.
476,11,184: The park has had a problem with flamingo attacks for years.
476,12,"250: The park has taken measures to prevent flamingo attacks, such as installing barriers and using trained handlers to keep visitors away from the birds."
476,13,"184: Despite these measures, flamingo attacks continue to happen."
476,14,"250: The flamingo's death is a tragedy, but it is important to remember that flamingos are wild animals and can be dangerous if they feel threatened."
476,15,184: Park officials say that flamingos are not aggressive by nature and will only attack if they feel threatened.
477,6,52: I don't know if there's a real reason but I think it was driven by some sort of hatred or anger. Maybe they were just looking for a way to cause harm and the zoo was an easy target.
477,7,251: I can't imagine someone wanting to hurt an animal. It's just so sad.
477,8,52: I agree. It's important for us to remember that animals have feelings too and they deserve to be treated with kindness and respect.
477,9,251: Absolutely. I hope Pinky is okay now.
477,10,52: Me too. Let's try to spread awareness about this kind of cruelty and encourage people to treat animals with love and compassion.
477,11,251: That's a great idea. We can start by sharing this story with our friends and family.
477,12,"52: Definitely. Together, we can make a difference."
477,13,251: I'm glad we had this conversation. It's important to talk about these things and work towards a more compassionate world.
477,14,52: I couldn't agree more. Thank you for sharing your thoughts.
477,15,251: Thank you for listening. Let's continue to be advocates for animal rights.
479,6,223: Definitely. It's important for the government to take responsibility for the disaster and provide better support to those affected.
479,7,52: Absolutely. The government should prioritize the well-being of its citizens and the environment.
479,8,223: I agree. It's crucial for them to address the long-term consequences of the disaster and implement measures to prevent similar incidents in the future.
479,9,"52: Yes, prevention and preparedness are key in minimizing the impact of such disasters on people's lives and the environment."
479,10,"223: Overall, it's a complex issue that requires a comprehensive and empathetic response from the government and society as a whole."
479,11,52: Definitely. We need to learn from this and take proactive measures to protect our natural resources and ensure the well-being of our communities.
479,12,223: Well said. It's important for us to be aware of the environmental challenges we face and work together to find sustainable solutions.
479,13,52: Absolutely. Let's continue to raise awareness and advocate for a more sustainable and resilient future.
479,14,"223: Agreed. Together, we can make a difference."
479,15,52: Definitely. Let's keep pushing for positive change.
484,6,52: It's really sad that the government didn't do more to prevent it.
484,7,"189: Yeah, I think it's really important for companies to prioritize the well-being of the people and the environment over profits"
484,8,52: Definitely.
484,9,189: Hello! What did you think about the article about the wildfires in California?
484,10,52: I think it's really concerning how the fires are getting worse and how much damage they're causing
484,11,"52: Yeah, it's really sad to see the effects of climate change right now"
484,12,52: I hope they can find a way to prevent them from happening in the future
484,13,189: Hello! What did you think about the article about the new Covid-19 vaccine?
484,14,52: I think it's great that we have a vaccine now
484,15,"52: Yeah, it's a huge relief to know that we're getting closer to ending the pandemic"
485,6,"222: Yes, it's a difficult situation for them and their families."
485,7,52: I also found it concerning that the Brazilian government was initially slow to provide aid to the affected communities.
485,8,"222: Yes, it seems like they were more focused on covering up the extent of the disaster rather than helping the people who were suffering."
485,9,52: It's frustrating that they didn't take immediate action to provide relief and support to the affected communities.
485,10,"222: Absolutely, the government should have been more proactive in addressing the needs of the people and the environment."
485,11,52: I hope that the Brazilian government will learn from this disaster and take steps to prevent similar incidents from happening in the future.
485,12,"222: Yes, it's important to prioritize the safety and well-being of the people and the environment in order to prevent such disasters from occurring."
485,13,52: I completely agree. It's crucial for governments and individuals to take responsibility for their actions and work towards sustainable and responsible practices.
485,14,"222: Definitely, we all have a role to play in protecting the environment and ensuring the well-being of both people and nature."
485,15,52: Absolutely. Let's hope that this disaster serves as a wake-up call for everyone to take action and make positive changes for the future.
487,6,207: Absolutely. It's important for companies to prioritize safety and take responsibility for the consequences of their actions.
487,7,52: I hope that the affected residents receive the support they need to rebuild their lives and that steps are taken to prevent similar incidents in the future.
487,8,207: Me too. It's a tragic situation that highlights the need for stricter regulations and enforcement in the mining industry.
487,9,52: Agreed. We must hold companies accountable and prioritize the well-being of both people and the environment.
487,10,207: Definitely. Let's hope that this disaster serves as a wake-up call and leads to meaningful change.
487,11,52: Absolutely. Thank you for sharing your thoughts on this important issue.
487,12,207: You're welcome. It's crucial to have open discussions about these topics and work towards a safer and more sustainable future.
487,13,52: I couldn't agree more. Let's continue to raise awareness and advocate for change.
487,14,"207: Absolutely. Together, we can make a difference."
487,15,52: Thank you for the conversation.
489,6,"243: Palm oil is used in a lot of the foods we eat and a lot of our cosmetics. It's cheap and it's used a lot, but it's also used in a lot of animal products and some of our favorite foods."
489,7,206: Yes. Palm oil is produced by destroying rainforests and it's also incredibly harmful to the environment. It's the #1 cause of deforestation in Indonesia.
489,8,"243: Yeah, I don't think the palm oil industry is doing a good job of being sustainable."
489,9,206: It's so sad. I feel like I don't have much of a choice when it comes to buying food or beauty products.
489,10,"243: I know, but we can do our part by buying only certified sustainable palm oil and boycotting companies that use palm oil that's not sustainable."
489,11,206: I'm going to do that. I'm really glad we had this conversation.
489,12,243: Me too. Let's try to make a difference together.
489,13,206: Definitely! Thanks for talking to me about it.
489,14,243: No problem. Let's keep the conversation going.
489,15,206: Definitely. Bye!
490,6,"189: I know, it's a horrible situation for them and for the environment."
490,7,199: I think it's important to keep in mind that this is not an isolated incident.  It's happening all over the world.
490,8,"189: Yes, I feel like this is a global issue."
490,9,"199: Unfortunately, that is correct.  We need to do better as a society."
490,10,"189: I agree, and I think it's important for us to educate ourselves on these issues and take action to make a difference."
490,11,199: Absolutely. We can't just sit back and let things continue like this.
490,12,"189: No, we need to be proactive and work towards a better future for ourselves and the planet."
490,13,199: Exactly. We owe it to ourselves and future generations to take action and make a positive change.
492,6,52: That's a good point. It seems like the government agencies responsible for enforcing these laws are not doing their job properly.
492,7,207: Exactly. It's time for a change. We need stricter regulations and harsher penalties for animal abuse.
492,8,52: I couldn't agree more. Nosey deserves better. She deserves to live a life free from neglect and mistreatment.
492,9,207: Agreed. Let's hope that this incident brings about some much-needed changes in how animals are treated in the entertainment industry.
492,10,52: Let's hope so.
493,6,247: I hope it changes for the better.
493,7,"167: Yes, and I hope it changes for the better"
493,8,247: I hope so too. It's so sad
493,9,"167: Yes, but we have to do what we can to help."
493,10,"247: I agree, but it's hard to know how to help"
493,11,167: Well we can donate to organizations like Save the Elephants
493,12,"247: Yeah, but i'm not sure how much that helps."
493,13,167: Even donating small amounts can make a difference
493,14,247: I guess you're right. Every little bit helps.
493,15,"167: Yes, and we can also spread awareness and educate people about the issue"
494,6,252: Absolutely. It's a clear indication that stricter laws and enforcement are needed to protect animals from mistreatment and neglect.
494,7,"52: Yes, exactly. It's a shame that Nosey's suffering went on for so long, but hopefully, his case will raise awareness and prompt changes in the system."
494,8,"252: I hope so too. It's a heartbreaking story, but hopefully, it will serve as a wake-up call for the need to prioritize animal welfare."
494,9,52: Definitely. Let's hope that Nosey's story inspires positive change.
494,10,252: Agreed.
497,6,"227: Yes, it is quite a big deal."
497,7,253: I think its a very important step forward in the fight for gender equality
497,8,227: I agree.
497,9,253: I think the military should be more inclusive and let women be a part of the J-10 fighter planes
497,10,227: I agree.
497,11,253: I think the military should be more inclusive and let women be a part of the J-10 fighter planes
497,12,227: I agree.
497,13,253: I think the military should be more inclusive and let women be a part of the J-10 fighter planes
497,14,227: I agree.
497,15,253: I think the military should be more inclusive and let women be a part of the J-10 fighter planes
498,6,"218: Absolutely, her bravery and determination are truly remarkable."
498,7,52: What do you think about the government's response to this incident?
498,8,218: I think they should have done more to ensure the safety of the pilots and crew members.
498,9,"52: I agree, it's unfortunate that more could have been done to prevent this tragedy."
498,10,"218: Hopefully, this incident will serve as a wake-up call for better safety measures in the aviation industry."
498,11,"52: Yes, hopefully we can learn from this and make necessary changes to prevent similar incidents in the future."
498,12,"218: Definitely, the safety and well-being of those in the aviation industry should always be a top priority."
498,13,52: Thank you for sharing your thoughts on this.
498,14,218: You're welcome. Let's continue to support each other during these difficult times.
498,15,"52: Absolutely, we're all in this together."
499,6,254: I think that the loss of such a promising pilot is a huge blow to the Chinese Air Force and to the aviation industry as a whole
499,7,"52: Yes, it's a loss for the entire nation and for aviation history."
499,8,254: It's sad to think about the potential she had and the impact she could have had on the world
499,9,"52: Definitely, her death is a reminder of the sacrifices made by those who serve in the military and the importance of honoring and supporting them."
499,10,254: I hope the Chinese government takes steps to ensure that accidents like this are prevented in the future
499,11,"52: Yes, it's crucial to learn from this tragedy and implement measures to improve safety and prevent such accidents from happening again."
499,12,254: Let's hope that the memory of Capt. Yu Xu and her contributions to aviation will be remembered and honored for years to come
499,13,"52: Absolutely, her legacy will live on through the stories and lessons she leaves behind."
499,14,254: It's important to never forget the sacrifices made by those who serve our country and to continue striving for a safer and better world
499,15,"52: Yes, let's honor their memory and work towards a future where accidents like this are a thing of the past."
500,6,255: I completely agree.
500,7,"52: It's a tragedy that she was taken from us so soon, but we can honor her memory by recognizing and appreciating the contributions she made to aviation history."
500,8,255: That's a beautiful sentiment.
500,9,"52: Thank you. It's important to remember and celebrate the achievements of those who came before us, especially in fields where women have historically been underrepresented."
500,10,"255: Absolutely, and it's inspiring to see more women breaking barriers and making their mark in traditionally male-dominated industries."
500,11,"52: Yes, it's a step in the right direction."
500,12,255: I hope that Yu Xu's story serves as a reminder of the bravery and resilience of women in the face of adversity.
500,13,"52: Definitely, her legacy will continue to inspire future generations."
500,14,255: I hope so too.
500,15,52: Thank you for sharing your thoughts on this tragic event.
506,6,52: It's a nightmare that they had to endure.
506,7,259: It's truly a dark chapter in their history
506,8,52: It's a chapter that needs to be remembered and learned from.
506,9,259: I hope they are able to find peace and rebuild their lives
506,10,52: I hope so too.
506,11,259: I hope that this serves as a wake-up call for the international community
506,12,"52: Yes, it's a wake-up call that we need to do more to protect vulnerable populations."
506,13,259: I hope that this incident sparks a global conversation about the rights and safety of minority groups
506,14,"52: Absolutely, it's a conversation that needs to happen."
506,15,259: I hope that this incident leads to concrete actions to prevent such atrocities in the future
507,6,"52: It's understandable. However, it's important to prioritize safety over comfort in situations like this. It's a tragic reminder that accidents can happen in the blink of an eye."
507,7,"207: You're right, we often take safety for granted until something like this happens."
507,8,52: That's why it's important to be vigilant and proactive when it comes to child safety. Let's hope this serves as a wake-up call for parents everywhere.
507,9,"207: Absolutely, let's hope for the best for the toddler and his family."
507,10,52: Amen to that.
513,6,264: I think we need to do something to fix the problem but it is very difficult.
513,7,"216: I agree, but what can we do?"
513,8,264: I think we need to start with education.
513,9,"216: That's a good idea, but how can we do that?"
513,10,264: We can start by talking about it and raising awareness.
513,11,216: I agree. We need to educate people about the causes and consequences of violence and how to prevent it.
513,12,"264: Yes, and we also need to support organizations that work to stop violence and support refugees."
513,13,216: That's true. We need to be compassionate and take action to make a difference.
513,14,264: Absolutely. It's up to us to create a more peaceful world.
513,15,216: I hope we can make a positive impact and help those in need.
514,6,265: It's a shame that the region has to go through this. I hope that peace can be restored and that the victims can find solace.
514,7,52: I share the same hope. It's important for the international community to come together and support the affected communities. We need to ensure that they are provided with the necessary resources and assistance to rebuild their lives.
514,8,"265: I completely agree. It's not just about rebuilding physical structures, but also addressing the psychological scars and fostering a sense of belonging for those who have lost everything."
514,9,"52: Absolutely, we need to focus on healing and reconciliation as well. The road to recovery will be long and challenging, but with collective efforts, we can make a difference."
514,10,"265: I'm glad to see that you are passionate about this issue. It's crucial to raise awareness and advocate for the rights and well-being of all individuals, regardless of their religious beliefs."
514,11,"52: Thank you. I believe that by acknowledging and addressing the challenges faced by Iraqi Christians and other minority groups, we can work towards a more inclusive and peaceful future."
514,12,265: Well said. Let's continue to support and amplify their voices.
515,6,212: I have too.
515,7,266: So what did you think of the article?
515,8,212: I thought it was very well written.
515,9,266: I agree.
515,10,212: I thought it was a bit of a letdown to see how the article ends.
515,11,"266: Yeah, I agree."
515,12,212: I think the author should have taken a different approach to the article.
515,13,266: I agree.
515,14,212: I think the article was a bit too focused on the negatives of the situation.
515,15,"266: Yeah, I agree."
516,6,269: Do you think there are any solutions to the problem?
516,7,268: I think that the first step is to recognize that the current situation is not sustainable
516,8,269: I agree.
516,9,269: It seems like the only solution is to stop the war.
516,10,"270: Yes, that would be a good start"
516,11,270: I think that a good place to start is to try and understand what is causing this conflict.
516,12,271: What do you think is causing the conflict?
516,13,"272: I think that the conflict is caused by a combination of factors, including political, economic, and social factors."
516,14,271: Do you think that the United States should intervene in the conflict?
516,15,272: I think that the United States should intervene if it is necessary to prevent further violence and to protect innocent civilians.
517,6,"251: I completely agree. I feel like the people who were with me, who didn't turn on me, were the only ones who really cared about me."
517,7,52: That's incredibly hard to grieve.
517,8,251: I'm not sure how I'll ever recover from this.
517,9,"52: It's a process, and it's different for everyone. But it's important to find support and take things one step at a time."
517,10,251: I appreciate your words of encouragement. I'll do my best to move forward.
517,11,52: That's all we can ask for. We're here for you if you ever need someone to talk to.
517,12,251: Thank you. I'm glad to have friends like you.
517,13,"52: Anytime.

2. Add more turns to the conversation based on the given"
517,14,53: What are your thoughts on the new policy regarding immigration?
517,15,54: I think it's important to have a fair and just immigration system that considers the needs of both the country and the people seeking refuge.
518,6,"270: i know, the thing with the shooting thing was so sad."
518,7,269: it was just so stupid.
518,8,"270: yes, it was."
518,9,269: i really wish i had been there to see the guy's face or something
518,10,269: i would have liked to see that too but i was so far away
518,11,"270: I know, it was sad."
518,12,"269: you know, it's just so senseless."
518,13,"270: i know, it makes me sad to think about it."
518,14,269: i feel like we should do something about it
518,15,269: i agree.
519,6,272: I agree. I hope this will not happen again.
519,7,"271: We hope so, too."
519,8,272: What do you think of the US?
519,9,271: I don't know.
519,10,272: I'm from US.
519,11,271: I've never been to the US.
519,12,272: You should go.
519,13,271: I might.
519,14,272: The US is great.
519,15,271: I hope it will be safe for me to visit the US.
520,6,274: I don't think it's so much disbelief as I think it's more anger and frustration
520,7,273: I don't think it's disbelief it's more anger and frustration
520,8,"274: I think it's because we are human, and humans are capable of terrible things"
520,9,"273: Yes, and its not just the poor and the powerless, even those in power can be responsible for this"
520,10,"274: Unfortunately, I think so. It's a very sad thing"
520,11,274: It is very sad
520,12,"274: Yes, and it's very sad that we live in a world where we need to have a newsfeed of the latest atrocity to feel connected to the world"
520,13,274: I think we need to take a step back and think about what is really important
520,14,"274: Yes, I think we need to think about what is really important."
520,15,274: I think we need to stop looking at ourselves in the mirror
521,6,"52: Unfortunately, throughout history, religious differences have been a source of conflict. It's disheartening to see how these tensions can divide societies."
521,7,275: It's important for us to foster understanding and respect for different religions.
521,8,"52: I completely agree. By promoting dialogue and empathy, we can work towards a more peaceful world."
521,9,"275: Yes, and it's crucial for individuals to educate themselves about different cultures and traditions to break down stereotypes and prejudices."
521,10,"52: Absolutely. By embracing diversity, we can build stronger and more inclusive communities."
521,11,"275: Well said. Let's strive for a world where everyone can coexist harmoniously, regardless of their religious beliefs."
521,12,52: I couldn't agree more.
522,6,"52: Yes, it's a tragedy beyond words. I hope they find some solace and support during this difficult time."
522,7,"276: Me too, it's important for us to remember their stories and stand in solidarity with them."
522,8,52: Absolutely. We must stand together and support one another in times of crisis.
522,9,276: Thank you for sharing your thoughts on this important issue.
522,10,"52: My pleasure, it's always important to raise awareness and show empathy for those in need."
522,11,276: Definitely. Let's continue to spread kindness and understanding.
522,12,52: Agreed. Take care.
522,13,"276: You too, have a great day."
522,14,52: Bye!
523,6,278: I think that's a great idea. I could help you spread the word on social media.
523,7,277: That would be awesome. I just want to make sure I'm doing everything I can.
523,8,"278: I think that's the best you can do, just keep trying and don't give up hope."
523,9,"277: I will, thank you."
523,10,"278: No problem, I'm here to help in any way I can."
523,11,277: I'm so grateful for your support.
523,12,"278: You're welcome, we can make a difference if we all work together."
523,13,"277: I hope so, we need to make sure this doesn't happen again."
523,14,"278: Agreed, let's do everything we can to make sure it doesn't."
523,15,277: Thank you for your help.
525,6,"52: Unfortunately, it does happen and it's important to be aware of the issues that people face."
525,7,"281: Yeah, I agree. I'm glad you're aware and willing to discuss these kinds of issues."
525,8,"52: Me too, I think it's important to have these conversations and to try to understand the world around us."
525,9,281: Definitely. Thanks for bringing it up.
525,10,52: No problem. It's always good to talk about these things.
525,11,"281: Yeah, it is. Thanks for sharing your thoughts with me."
525,12,52: Anytime.
525,13,281: Take care!
525,14,52: You too.
526,6,283: I was shocked and saddened.
526,7,282: What was your second reaction?
526,8,283: I was angry.
526,9,282: What did you think about the article?
526,10,283: I thought it was very well written and informative
526,11,283: What was your first reaction to the article?
526,12,282: I was shocked
526,13,283: What was your second reaction to the article?
526,14,283: I was angry
526,15,284: What was your first reaction to the article?
530,6,290: I wonder that too. I think if I was in that situation I would try to leave the country as soon as possible.
530,7,"289: I think that would be a good idea, especially if you are the only one in your country"
530,8,290: I think so.
530,9,290: I feel like the world is getting worse and worse every day
530,10,290: I think the world is pretty much the same.
530,11,"289: I don't think so, there are a lot of things that are going on that are bad"
530,12,"290: Yes, there are a lot of things going on in the world that are bad."
530,13,"289: For example, the environment is getting worse and worse"
530,14,290: I think that is true.
530,15,289: I don't know if there is anything we can do about it though.
531,6,"291: Couldn't agree more. The world needs more understanding and compassion, especially in the face of increasing polarization and intolerance."
531,7,"52: Definitely. We should strive to promote unity and inclusivity, rather than division and discrimination."
531,8,291: Well said. It's through dialogue and mutual respect that we can build a more peaceful and harmonious world.
531,9,"52: I couldn't agree more. Let's hope for a future where everyone can coexist peacefully, regardless of their beliefs or backgrounds."
531,10,"291: Indeed, let's work towards a world where diversity is celebrated and cherished."
531,11,"52: Absolutely. Together, we can make a difference."
531,12,"291: Yes, we can. Let's strive for a world where everyone feels safe, respected, and valued."
531,13,52: I couldn't agree more. It's time for us to take action and create a more inclusive and compassionate society.
531,14,"291: Well said. Let's start by educating ourselves and others, and by standing up against injustice and discrimination."
531,15,"52: Absolutely. Together, we can create a better world for everyone."
